date,time,advisory,project,ok,detail
2026-10-01,10:35:24,Product structured data — Jeans (Selvedge Denim),desktop-chrome,0,No Product schema with price/stock (found: Organization)
2026-10-01,10:35:24,Product structured data — Hat (Green & Leopard),desktop-chrome,0,No Product schema with price/stock (found: Organization)
2026-10-01,10:35:24,Product structured data — Hat (Black & Zebra),desktop-chrome,0,No Product schema with price/stock (found: Organization)
2026-10-01,10:35:24,Meta descriptions — key pages,desktop-chrome,0,Missing on: Shop all
2026-10-01,10:35:24,Image alt text — Jeans (Selvedge Denim),desktop-chrome,0,9 of 27 images have no alt text
2026-10-01,10:35:24,Image alt text — Hat (Green & Leopard),desktop-chrome,0,9 of 26 images have no alt text
2026-10-01,10:35:24,Image alt text — Hat (Black & Zebra),desktop-chrome,0,9 of 26 images have no alt text
2026-10-01,10:35:24,UTM tags kept on landing — Homepage,desktop-chrome,1,Kept
2026-10-01,10:35:24,UTM tags kept on landing — Jeans (Selvedge Denim),desktop-chrome,1,Kept
2026-10-01,10:35:24,UTM tags kept on landing — Shop all,desktop-chrome,1,Kept
2026-10-01,10:35:24,JavaScript errors — Homepage,desktop-chrome,0,1 uncaught error(s) on load
2026-10-01,10:35:24,JavaScript errors — Jeans (Selvedge Denim),desktop-chrome,0,1 uncaught error(s) on load
2026-10-01,10:35:24,JavaScript errors — Hat (Green & Leopard),desktop-chrome,1,0 uncaught error(s) on load
2026-10-01,10:35:24,JavaScript errors — Hat (Black & Zebra),desktop-chrome,1,0 uncaught error(s) on load
2026-10-01,10:35:24,Missing pages return a real 404,desktop-chrome,0,Redirects to the homepage (HTTP 200) instead of a 404
2026-10-01,10:35:24,Add to bag without scrolling (mobile) — Jeans (Selvedge Denim),mobile,0,Bottom edge is 162px below the first screen
2026-10-01,10:35:24,Add to bag without scrolling (mobile) — Hat (Green & Leopard),mobile,0,Bottom edge is 248px below the first screen
2026-10-01,10:35:24,Add to bag without scrolling (mobile) — Hat (Black & Zebra),mobile,0,Bottom edge is 248px below the first screen
2026-10-01,10:35:24,Page weight (mobile) — Homepage,mobile,0,3.4 MB transferred in the first few seconds (aim: under 3 MB)
2026-10-01,10:35:24,Page weight (mobile) — Jeans (Selvedge Denim),mobile,1,1.2 MB transferred in the first few seconds (aim: under 3 MB)
2026-10-01,12:52:59,Product structured data — Jeans (Selvedge Denim),desktop-chrome,0,No Product schema with price/stock (found: Organization)
2026-10-01,12:52:59,Product structured data — Hat (Green & Leopard),desktop-chrome,0,No Product schema with price/stock (found: Organization)
2026-10-01,12:52:59,Product structured data — Hat (Black & Zebra),desktop-chrome,0,No Product schema with price/stock (found: Organization)
2026-10-01,12:52:59,Meta descriptions — key pages,desktop-chrome,0,Missing on: Shop all
2026-10-01,12:52:59,Image alt text — Jeans (Selvedge Denim),desktop-chrome,0,9 of 27 images have no alt text
2026-10-01,12:52:59,Image alt text — Hat (Green & Leopard),desktop-chrome,0,9 of 26 images have no alt text
2026-10-01,12:52:59,Image alt text — Hat (Black & Zebra),desktop-chrome,0,9 of 26 images have no alt text
2026-10-01,12:52:59,UTM tags kept on landing — Homepage,desktop-chrome,1,Kept
2026-10-01,12:52:59,UTM tags kept on landing — Jeans (Selvedge Denim),desktop-chrome,1,Kept
2026-10-01,12:52:59,UTM tags kept on landing — Shop all,desktop-chrome,1,Kept
2026-10-01,12:52:59,JavaScript errors — Homepage,desktop-chrome,0,1 uncaught error(s) on load
2026-10-01,12:52:59,JavaScript errors — Jeans (Selvedge Denim),desktop-chrome,1,0 uncaught error(s) on load
2026-10-01,12:52:59,JavaScript errors — Hat (Green & Leopard),desktop-chrome,1,0 uncaught error(s) on load
2026-10-01,12:52:59,JavaScript errors — Hat (Black & Zebra),desktop-chrome,1,0 uncaught error(s) on load
2026-10-01,12:52:59,Missing pages return a real 404,desktop-chrome,0,Redirects to the homepage (HTTP 200) instead of a 404
2026-10-01,12:52:59,Add to bag without scrolling (mobile) — Jeans (Selvedge Denim),mobile,0,Bottom edge is 162px below the first screen
2026-10-01,12:52:59,Add to bag without scrolling (mobile) — Hat (Green & Leopard),mobile,0,Bottom edge is 248px below the first screen
2026-10-01,12:52:59,Add to bag without scrolling (mobile) — Hat (Black & Zebra),mobile,0,Bottom edge is 248px below the first screen
2026-10-01,12:52:59,Page weight (mobile) — Homepage,mobile,0,3.5 MB transferred in the first few seconds (aim: under 3 MB)
2026-10-01,12:52:59,Page weight (mobile) — Jeans (Selvedge Denim),mobile,1,1.2 MB transferred in the first few seconds (aim: under 3 MB)
2026-10-02,12:15:15,Product structured data — Jeans (Selvedge Denim),desktop-chrome,0,No Product schema with price/stock (found: Organization)
2026-10-02,12:15:15,Product structured data — Hat (Green & Leopard),desktop-chrome,0,No Product schema with price/stock (found: Organization)
2026-10-02,12:15:15,Product structured data — Hat (Black & Zebra),desktop-chrome,0,No Product schema with price/stock (found: Organization)
2026-10-02,12:15:15,Meta descriptions — key pages,desktop-chrome,0,Missing on: Shop all
2026-10-02,12:15:15,Image alt text — Jeans (Selvedge Denim),desktop-chrome,0,9 of 27 images have no alt text
2026-10-02,12:15:15,Image alt text — Hat (Green & Leopard),desktop-chrome,0,9 of 26 images have no alt text
2026-10-02,12:15:15,Image alt text — Hat (Black & Zebra),desktop-chrome,0,9 of 26 images have no alt text
2026-10-02,12:15:15,UTM tags kept on landing — Homepage,desktop-chrome,1,Kept
2026-10-02,12:15:15,UTM tags kept on landing — Jeans (Selvedge Denim),desktop-chrome,1,Kept
2026-10-02,12:15:15,UTM tags kept on landing — Shop all,desktop-chrome,1,Kept
2026-10-02,12:15:15,JavaScript errors — Homepage,desktop-chrome,1,0 uncaught error(s) on load
2026-10-02,12:15:15,JavaScript errors — Jeans (Selvedge Denim),desktop-chrome,0,1 uncaught error(s) on load
2026-10-02,12:15:15,JavaScript errors — Hat (Green & Leopard),desktop-chrome,0,1 uncaught error(s) on load
2026-10-02,12:15:15,JavaScript errors — Hat (Black & Zebra),desktop-chrome,1,0 uncaught error(s) on load
2026-10-02,12:15:15,Missing pages return a real 404,desktop-chrome,0,Redirects to the homepage (HTTP 200) instead of a 404
2026-10-02,12:15:15,Add to bag without scrolling (mobile) — Jeans (Selvedge Denim),mobile,0,Bottom edge is 162px below the first screen
2026-10-02,12:15:15,Add to bag without scrolling (mobile) — Hat (Green & Leopard),mobile,0,Bottom edge is 248px below the first screen
2026-10-02,12:15:15,Add to bag without scrolling (mobile) — Hat (Black & Zebra),mobile,0,Bottom edge is 248px below the first screen
2026-10-02,12:15:15,Page weight (mobile) — Homepage,mobile,0,3.4 MB transferred in the first few seconds (aim: under 3 MB)
2026-10-02,12:15:15,Page weight (mobile) — Jeans (Selvedge Denim),mobile,1,1.2 MB transferred in the first few seconds (aim: under 3 MB)
2026-10-03,08:01:57,Product structured data — Jeans (Selvedge Denim),desktop-chrome,0,No Product schema with price/stock (found: Organization)
2026-10-03,08:01:57,Product structured data — Hat (Green & Leopard),desktop-chrome,0,No Product schema with price/stock (found: Organization)
2026-10-03,08:01:57,Product structured data — Hat (Black & Zebra),desktop-chrome,0,No Product schema with price/stock (found: Organization)
2026-10-03,08:01:57,Meta descriptions — key pages,desktop-chrome,0,Missing on: Shop all
2026-10-03,08:01:57,Image alt text — Jeans (Selvedge Denim),desktop-chrome,0,9 of 27 images have no alt text
2026-10-03,08:01:57,Image alt text — Hat (Green & Leopard),desktop-chrome,0,9 of 26 images have no alt text
2026-10-03,08:01:57,Image alt text — Hat (Black & Zebra),desktop-chrome,0,9 of 26 images have no alt text
2026-10-03,08:01:57,UTM tags kept on landing — Homepage,desktop-chrome,1,Kept
2026-10-03,08:01:57,UTM tags kept on landing — Jeans (Selvedge Denim),desktop-chrome,1,Kept
2026-10-03,08:01:57,UTM tags kept on landing — Hat (Green & Leopard),desktop-chrome,1,Kept
2026-10-03,08:01:57,UTM tags kept on landing — Hat (Black & Zebra),desktop-chrome,1,Kept
2026-10-03,08:01:57,UTM tags kept on landing — Shop all,desktop-chrome,1,Kept
2026-10-03,08:01:57,UTM tags kept on landing — Hats collection,desktop-chrome,1,Kept
2026-10-03,08:01:57,JavaScript errors — Homepage,desktop-chrome,1,0 uncaught error(s) on load
2026-10-03,08:01:57,JavaScript errors — Jeans (Selvedge Denim),desktop-chrome,1,0 uncaught error(s) on load
2026-10-03,08:01:57,JavaScript errors — Hat (Green & Leopard),desktop-chrome,1,0 uncaught error(s) on load
2026-10-03,08:01:57,JavaScript errors — Hat (Black & Zebra),desktop-chrome,1,0 uncaught error(s) on load
2026-10-03,08:01:57,Missing pages return a real 404,desktop-chrome,0,Redirects to the homepage (HTTP 200) instead of a 404
2026-10-03,08:01:57,Add to bag without scrolling (mobile) — Jeans (Selvedge Denim),mobile,0,Bottom edge is 162px below the first screen
2026-10-03,08:01:57,Add to bag without scrolling (mobile) — Hat (Green & Leopard),mobile,0,Bottom edge is 248px below the first screen
2026-10-03,08:01:57,Add to bag without scrolling (mobile) — Hat (Black & Zebra),mobile,0,Bottom edge is 248px below the first screen
2026-10-03,08:01:57,Page weight (mobile) — Homepage,mobile,0,3.5 MB transferred in the first few seconds (aim: under 3 MB)
2026-10-03,08:01:57,Page weight (mobile) — Jeans (Selvedge Denim),mobile,1,1.2 MB transferred in the first few seconds (aim: under 3 MB)
2026-10-03,11:26:18,Product structured data — Jeans (Selvedge Denim),desktop-chrome,0,No Product schema with price/stock (found: Organization)
2026-10-03,11:26:18,Product structured data — Hat (Green & Leopard),desktop-chrome,0,No Product schema with price/stock (found: Organization)
2026-10-03,11:26:18,Product structured data — Hat (Black & Zebra),desktop-chrome,0,No Product schema with price/stock (found: Organization)
2026-10-03,11:26:18,Meta descriptions — key pages,desktop-chrome,0,Missing on: Shop all
2026-10-03,11:26:18,Image alt text — Jeans (Selvedge Denim),desktop-chrome,0,9 of 27 images have no alt text
2026-10-03,11:26:18,Image alt text — Hat (Green & Leopard),desktop-chrome,0,9 of 26 images have no alt text
2026-10-03,11:26:18,Image alt text — Hat (Black & Zebra),desktop-chrome,0,9 of 26 images have no alt text
2026-10-03,11:26:18,UTM tags kept on landing — Homepage,desktop-chrome,1,Kept
2026-10-03,11:26:18,UTM tags kept on landing — Jeans (Selvedge Denim),desktop-chrome,1,Kept
2026-10-03,11:26:18,UTM tags kept on landing — Hat (Green & Leopard),desktop-chrome,1,Kept
2026-10-03,11:26:18,UTM tags kept on landing — Hat (Black & Zebra),desktop-chrome,1,Kept
2026-10-03,11:26:18,UTM tags kept on landing — Shop all,desktop-chrome,1,Kept
2026-10-03,11:26:18,UTM tags kept on landing — Hats collection,desktop-chrome,1,Kept
2026-10-03,11:26:18,JavaScript errors — Homepage,desktop-chrome,1,0 uncaught error(s) on load
2026-10-03,11:26:18,JavaScript errors — Jeans (Selvedge Denim),desktop-chrome,1,0 uncaught error(s) on load
2026-10-03,11:26:18,JavaScript errors — Hat (Green & Leopard),desktop-chrome,1,0 uncaught error(s) on load
2026-10-03,11:26:18,JavaScript errors — Hat (Black & Zebra),desktop-chrome,0,1 uncaught error(s) on load
2026-10-03,11:26:18,Missing pages return a real 404,desktop-chrome,0,Redirects to the homepage (HTTP 200) instead of a 404
2026-10-03,11:26:18,Add to bag without scrolling (mobile) — Jeans (Selvedge Denim),mobile,0,Bottom edge is 162px below the first screen
2026-10-03,11:26:18,Add to bag without scrolling (mobile) — Hat (Green & Leopard),mobile,0,Bottom edge is 248px below the first screen
2026-10-03,11:26:18,Add to bag without scrolling (mobile) — Hat (Black & Zebra),mobile,0,Bottom edge is 248px below the first screen
2026-10-03,11:26:18,Page weight (mobile) — Homepage,mobile,0,3.6 MB transferred in the first few seconds (aim: under 3 MB)
2026-10-03,11:26:18,Page weight (mobile) — Jeans (Selvedge Denim),mobile,1,1.2 MB transferred in the first few seconds (aim: under 3 MB)
2026-10-04,12:07:13,Product structured data — Jeans (Selvedge Denim),desktop-chrome,0,No Product schema with price/stock (found: Organization)
2026-10-04,12:07:13,Product structured data — Hat (Green & Leopard),desktop-chrome,0,No Product schema with price/stock (found: Organization)
2026-10-04,12:07:13,Product structured data — Hat (Black & Zebra),desktop-chrome,0,No Product schema with price/stock (found: Organization)
2026-10-04,12:07:13,Meta descriptions — key pages,desktop-chrome,0,Missing on: Shop all
2026-10-04,12:07:13,Image alt text — Jeans (Selvedge Denim),desktop-chrome,0,9 of 27 images have no alt text
2026-10-04,12:07:13,Image alt text — Hat (Green & Leopard),desktop-chrome,0,9 of 26 images have no alt text
2026-10-04,12:07:13,Image alt text — Hat (Black & Zebra),desktop-chrome,0,9 of 26 images have no alt text
2026-10-04,12:07:13,UTM tags kept on landing — Homepage,desktop-chrome,1,Kept
2026-10-04,12:07:13,UTM tags kept on landing — Jeans (Selvedge Denim),desktop-chrome,1,Kept
2026-10-04,12:07:13,UTM tags kept on landing — Hat (Green & Leopard),desktop-chrome,1,Kept
2026-10-04,12:07:13,UTM tags kept on landing — Hat (Black & Zebra),desktop-chrome,1,Kept
2026-10-04,12:07:13,UTM tags kept on landing — Shop all,desktop-chrome,1,Kept
2026-10-04,12:07:13,UTM tags kept on landing — Hats collection,desktop-chrome,1,Kept
2026-10-04,12:07:13,JavaScript errors — Homepage,desktop-chrome,1,0 uncaught error(s) on load
2026-10-04,12:07:13,JavaScript errors — Jeans (Selvedge Denim),desktop-chrome,0,1 uncaught error(s) on load
2026-10-04,12:07:13,JavaScript errors — Hat (Green & Leopard),desktop-chrome,1,0 uncaught error(s) on load
2026-10-04,12:07:13,JavaScript errors — Hat (Black & Zebra),desktop-chrome,1,0 uncaught error(s) on load
2026-10-04,12:07:13,Missing pages return a real 404,desktop-chrome,0,Redirects to the homepage (HTTP 200) instead of a 404
2026-10-04,12:07:13,Add to bag without scrolling (mobile) — Jeans (Selvedge Denim),mobile,0,Bottom edge is 162px below the first screen
2026-10-04,12:07:13,Add to bag without scrolling (mobile) — Hat (Green & Leopard),mobile,0,Bottom edge is 248px below the first screen
2026-10-04,12:07:13,Add to bag without scrolling (mobile) — Hat (Black & Zebra),mobile,0,Bottom edge is 248px below the first screen
2026-10-04,12:07:13,Page weight (mobile) — Homepage,mobile,0,3.5 MB transferred in the first few seconds (aim: under 3 MB)
2026-10-04,12:07:13,Page weight (mobile) — Jeans (Selvedge Denim),mobile,1,1.2 MB transferred in the first few seconds (aim: under 3 MB)
2026-10-05,14:12:30,Product structured data — Jeans (Selvedge Denim),desktop-chrome,0,No Product schema with price/stock (found: Organization)
2026-10-05,14:12:30,Product structured data — Hat (Green & Leopard),desktop-chrome,0,No Product schema with price/stock (found: Organization)
2026-10-05,14:12:30,Product structured data — Hat (Black & Zebra),desktop-chrome,0,No Product schema with price/stock (found: Organization)
2026-10-05,14:12:30,Meta descriptions — key pages,desktop-chrome,0,Missing on: Shop all
2026-10-05,14:12:30,Image alt text — Jeans (Selvedge Denim),desktop-chrome,0,9 of 27 images have no alt text
2026-10-05,14:12:30,Image alt text — Hat (Green & Leopard),desktop-chrome,0,9 of 26 images have no alt text
2026-10-05,14:12:30,Image alt text — Hat (Black & Zebra),desktop-chrome,0,9 of 26 images have no alt text
2026-10-05,14:12:30,UTM tags kept on landing — Homepage,desktop-chrome,1,Kept
2026-10-05,14:12:30,UTM tags kept on landing — Jeans (Selvedge Denim),desktop-chrome,1,Kept
2026-10-05,14:12:30,UTM tags kept on landing — Hat (Green & Leopard),desktop-chrome,1,Kept
2026-10-05,14:12:30,UTM tags kept on landing — Hat (Black & Zebra),desktop-chrome,1,Kept
2026-10-05,14:12:30,UTM tags kept on landing — Shop all,desktop-chrome,1,Kept
2026-10-05,14:12:30,UTM tags kept on landing — Hats collection,desktop-chrome,1,Kept
2026-10-05,14:12:30,JavaScript errors — Homepage,desktop-chrome,0,1 uncaught error(s) on load
2026-10-05,14:12:30,JavaScript errors — Jeans (Selvedge Denim),desktop-chrome,0,1 uncaught error(s) on load
2026-10-05,14:12:30,JavaScript errors — Hat (Green & Leopard),desktop-chrome,1,0 uncaught error(s) on load
2026-10-05,14:12:30,JavaScript errors — Hat (Black & Zebra),desktop-chrome,1,0 uncaught error(s) on load
2026-10-05,14:12:30,Missing pages return a real 404,desktop-chrome,0,Redirects to the homepage (HTTP 200) instead of a 404
2026-10-05,14:12:30,Add to bag without scrolling (mobile) — Jeans (Selvedge Denim),mobile,0,Bottom edge is 162px below the first screen
2026-10-05,14:12:30,Add to bag without scrolling (mobile) — Hat (Green & Leopard),mobile,0,Bottom edge is 248px below the first screen
2026-10-05,14:12:30,Add to bag without scrolling (mobile) — Hat (Black & Zebra),mobile,0,Bottom edge is 248px below the first screen
2026-10-05,14:12:30,Page weight (mobile) — Homepage,mobile,0,3.5 MB transferred in the first few seconds (aim: under 3 MB)
2026-10-05,14:12:30,Page weight (mobile) — Jeans (Selvedge Denim),mobile,1,1.1 MB transferred in the first few seconds (aim: under 3 MB)
2026-10-06,13:08:30,Product structured data — Jeans (Selvedge Denim),desktop-chrome,0,No Product schema with price/stock (found: Organization)
2026-10-06,13:08:30,Product structured data — Hat (Green & Leopard),desktop-chrome,0,No Product schema with price/stock (found: Organization)
2026-10-06,13:08:30,Product structured data — Hat (Black & Zebra),desktop-chrome,0,No Product schema with price/stock (found: Organization)
2026-10-06,13:08:30,Meta descriptions — key pages,desktop-chrome,0,Missing on: Shop all
2026-10-06,13:08:30,Image alt text — Jeans (Selvedge Denim),desktop-chrome,0,9 of 27 images have no alt text
2026-10-06,13:08:30,Image alt text — Hat (Green & Leopard),desktop-chrome,0,9 of 26 images have no alt text
2026-10-06,13:08:30,Image alt text — Hat (Black & Zebra),desktop-chrome,0,9 of 26 images have no alt text
2026-10-06,13:08:30,UTM tags kept on landing — Homepage,desktop-chrome,1,Kept
2026-10-06,13:08:30,UTM tags kept on landing — Jeans (Selvedge Denim),desktop-chrome,1,Kept
2026-10-06,13:08:30,UTM tags kept on landing — Hat (Green & Leopard),desktop-chrome,1,Kept
2026-10-06,13:08:30,UTM tags kept on landing — Hat (Black & Zebra),desktop-chrome,1,Kept
2026-10-06,13:08:30,UTM tags kept on landing — Shop all,desktop-chrome,1,Kept
2026-10-06,13:08:30,UTM tags kept on landing — Hats collection,desktop-chrome,1,Kept
2026-10-06,13:08:30,JavaScript errors — Homepage,desktop-chrome,1,0 uncaught error(s) on load
2026-10-06,13:08:30,JavaScript errors — Jeans (Selvedge Denim),desktop-chrome,1,0 uncaught error(s) on load
2026-10-06,13:08:30,JavaScript errors — Hat (Green & Leopard),desktop-chrome,1,0 uncaught error(s) on load
2026-10-06,13:08:30,JavaScript errors — Hat (Black & Zebra),desktop-chrome,1,0 uncaught error(s) on load
2026-10-06,13:08:30,Missing pages return a real 404,desktop-chrome,0,Redirects to the homepage (HTTP 200) instead of a 404
2026-10-06,13:08:30,Add to bag without scrolling (mobile) — Jeans (Selvedge Denim),mobile,0,Bottom edge is 162px below the first screen
2026-10-06,13:08:30,Add to bag without scrolling (mobile) — Hat (Green & Leopard),mobile,0,Bottom edge is 248px below the first screen
2026-10-06,13:08:30,Add to bag without scrolling (mobile) — Hat (Black & Zebra),mobile,0,Bottom edge is 248px below the first screen
2026-10-06,13:08:30,Page weight (mobile) — Homepage,mobile,0,3.4 MB transferred in the first few seconds (aim: under 3 MB)
2026-10-06,13:08:30,Page weight (mobile) — Jeans (Selvedge Denim),mobile,1,1.1 MB transferred in the first few seconds (aim: under 3 MB)
2026-10-07,13:03:15,Product structured data — Jeans (Selvedge Denim),desktop-chrome,0,No Product schema with price/stock (found: Organization)
2026-10-07,13:03:15,Product structured data — Hat (Green & Leopard),desktop-chrome,0,No Product schema with price/stock (found: Organization)
2026-10-07,13:03:15,Product structured data — Hat (Black & Zebra),desktop-chrome,0,No Product schema with price/stock (found: Organization)
2026-10-07,13:03:15,Meta descriptions — key pages,desktop-chrome,0,Missing on: Shop all
2026-10-07,13:03:15,Image alt text — Jeans (Selvedge Denim),desktop-chrome,0,9 of 27 images have no alt text
2026-10-07,13:03:15,Image alt text — Hat (Green & Leopard),desktop-chrome,0,9 of 26 images have no alt text
2026-10-07,13:03:15,Image alt text — Hat (Black & Zebra),desktop-chrome,0,9 of 26 images have no alt text
2026-10-07,13:03:15,UTM tags kept on landing — Homepage,desktop-chrome,1,Kept
2026-10-07,13:03:15,UTM tags kept on landing — Jeans (Selvedge Denim),desktop-chrome,1,Kept
2026-10-07,13:03:15,UTM tags kept on landing — Hat (Green & Leopard),desktop-chrome,1,Kept
2026-10-07,13:03:15,UTM tags kept on landing — Hat (Black & Zebra),desktop-chrome,1,Kept
2026-10-07,13:03:15,UTM tags kept on landing — Shop all,desktop-chrome,1,Kept
2026-10-07,13:03:15,UTM tags kept on landing — Hats collection,desktop-chrome,1,Kept
2026-10-07,13:03:15,JavaScript errors — Homepage,desktop-chrome,1,0 uncaught error(s) on load
2026-10-07,13:03:15,JavaScript errors — Jeans (Selvedge Denim),desktop-chrome,1,0 uncaught error(s) on load
2026-10-07,13:03:15,JavaScript errors — Hat (Green & Leopard),desktop-chrome,1,0 uncaught error(s) on load
2026-10-07,13:03:15,JavaScript errors — Hat (Black & Zebra),desktop-chrome,1,0 uncaught error(s) on load
2026-10-07,13:03:15,Missing pages return a real 404,desktop-chrome,0,Redirects to the homepage (HTTP 200) instead of a 404
2026-10-07,13:03:15,Add to bag without scrolling (mobile) — Jeans (Selvedge Denim),mobile,0,Bottom edge is 162px below the first screen
2026-10-07,13:03:15,Add to bag without scrolling (mobile) — Hat (Green & Leopard),mobile,0,Bottom edge is 248px below the first screen
2026-10-07,13:03:15,Add to bag without scrolling (mobile) — Hat (Black & Zebra),mobile,0,Bottom edge is 248px below the first screen
2026-10-07,13:03:15,Page weight (mobile) — Homepage,mobile,0,3.5 MB transferred in the first few seconds (aim: under 3 MB)
2026-10-07,13:03:15,Page weight (mobile) — Jeans (Selvedge Denim),mobile,1,1.1 MB transferred in the first few seconds (aim: under 3 MB)
