date,passed,failed,skipped,time,flaky,duration_ms
2026-09-19,0,33,3
2026-09-19,0,33,3
2026-09-20,9,24,3
2026-09-20,25,8,3
2026-09-20,25,8,3
2026-09-20,33,0,3
2026-09-21,33,0,3
2026-09-21,33,0,3
2026-09-22,33,0,3
2026-09-22,33,0,3
2026-09-22,33,0,3
2026-09-23,33,0,3
2026-09-23,33,0,3
2026-09-23,33,0,3
2026-09-23,33,0,3,11:34:38,0,98617
2026-09-23,33,0,3,11:41:19,0,120883
2026-09-23,33,0,3,11:48:01,0,117098
2026-09-23,33,0,3,13:04:38,0,118695
2026-09-23,33,0,3,14:32:42,0,107395
2026-09-23,33,0,3,15:00:54,0,99079
2026-09-23,33,0,3,15:41:28,0,116112
2026-09-23,33,0,3,16:02:18,0,109159
2026-09-23,33,0,3,17:36:05,0,107447
2026-09-24,33,0,3,11:29:00,0,115422
2026-09-25,33,0,3,11:34:58,0,108044
2026-09-26,18,15,3,11:09:13,0,508189
2026-09-27,12,21,3,11:47:27,0,523758
2026-09-28,12,21,3,13:29:24,0,526200
2026-09-29,12,21,3,12:32:07,0,525373
2026-09-30,12,21,3,12:17:08,0,523732
2026-10-01,54,0,18,10:35:24,0,254135
2026-10-01,54,0,18,12:52:59,0,261626
2026-10-02,52,2,18,12:15:15,0,296582
2026-10-03,49,1,24,08:01:57,0,254856
2026-10-03,50,0,24,11:26:18,1,252681
