date,time,for_date,result
2026-09-23,13:10:12,2026-09-22,skipped
2026-09-23,14:37:51,2026-09-22,skipped
2026-09-23,15:06:18,2026-09-22,skipped
2026-09-23,15:46:54,2026-09-22,skipped
2026-09-23,16:07:55,2026-09-22,skipped
2026-09-23,17:41:18,2026-09-22,skipped
2026-09-24,11:34:25,2026-09-23,skipped
2026-09-25,11:40:12,2026-09-24,skipped
2026-09-26,11:21:13,2026-09-25,skipped
2026-09-27,11:57:27,2026-09-26,skipped
2026-09-28,13:39:31,2026-09-27,skipped
2026-09-29,12:42:18,2026-09-28,skipped
2026-09-30,12:27:10,2026-09-29,skipped
2026-10-01,10:40:58,2026-09-30,skipped
2026-10-01,12:58:35,2026-09-30,skipped
2026-10-02,12:21:32,2026-10-01,skipped
2026-10-03,08:07:38,2026-10-02,skipped
2026-10-03,11:32:00,2026-10-02,skipped
2026-10-04,12:12:41,2026-10-03,skipped
2026-10-05,14:17:01,2026-10-04,skipped
2026-10-06,13:14:25,2026-10-05,skipped
2026-10-07,13:08:59,2026-10-06,skipped
2026-10-08,13:16:08,2026-10-07,skipped
